userId,total_events,total_sessions,active_days,tenure_days,days_since_last_activity,avg_events_per_session,total_songs,total_listen_time,avg_song_length,unique_artists,unique_songs,thumbs_up_count,thumbs_down_count,add_to_playlist_count,add_friend_count,logout_count,help_page_views,error_rate,is_paid,paid_ratio,events_last_7d,events_last_30d,songs_last_30d,churn
2,1613,15,1,0,0,107.53333333333333,1346.0,333495.55298,247.7678699702823,962.0,1230.0,0,0,0,0,20,10,0.07997520148791072,1,1.0,1613,1613,1346.0,0
3,254,4,1,0,0,63.5,214.0,54424.74544,254.32124037383176,197.0,211.0,0,0,0,0,3,1,0.08661417322834646,1,1.0,254,254,214.0,0
4,2213,27,1,0,0,81.96296296296296,1829.0,451217.66551,246.70184008201204,1228.0,1627.0,0,0,0,0,22,12,0.08404880253050158,1,0.7858111161319475,2213,2213,1829.0,0
5,496,10,1,0,0,49.6,380.0,93620.43832,246.3695745263158,346.0,368.0,0,0,0,0,9,3,0.07459677419354839,0,0.0,496,496,380.0,1
6,3979,33,1,0,0,120.57575757575758,3292.0,817815.79412,248.42521085054676,1934.0,2757.0,0,0,0,0,55,20,0.07464186981653682,1,0.7999497361146016,3979,3979,3292.0,0
7,741,18,1,0,0,41.166666666666664,574.0,144094.87769,251.03637228222996,482.0,544.0,0,0,0,0,10,4,0.07152496626180836,0,0.0,741,741,574.0,0
8,332,7,1,0,0,47.42857142857143,251.0,63291.41925,252.15704880478089,230.0,244.0,0,0,0,0,9,1,0.09337349397590361,0,0.0,332,332,251.0,0
9,4092,39,1,0,0,104.92307692307692,3433.0,852713.1799,248.38717736673462,2016.0,2903.0,0,0,0,0,40,18,0.0772238514173998,1,0.894672531769306,4092,4092,3433.0,0
10,1122,5,1,0,0,224.4,948.0,236728.59545,249.7137082805907,745.0,874.0,0,0,0,0,13,4,0.0766488413547237,1,1.0,1122,1122,948.0,0
11,893,18,1,0,0,49.611111111111114,657.0,163371.82302,248.66335315068494,543.0,627.0,0,0,0,0,17,5,0.09518477043673013,1,0.16461366181410975,893,893,657.0,0
12,4398,28,1,0,0,157.07142857142858,3671.0,901667.11604,245.61893654045218,2094.0,3047.0,0,0,0,0,51,19,0.0768531150522965,1,0.855843565256935,4398,4398,3671.0,0
13,1972,44,1,0,0,44.81818181818182,1525.0,380844.73559,249.73425284590164,1090.0,1376.0,0,0,0,0,35,10,0.08367139959432049,1,0.2413793103448276,1972,1972,1525.0,0
14,794,10,1,0,0,79.4,674.0,167236.23965,248.12498464391692,554.0,640.0,0,0,0,0,8,6,0.0743073047858942,1,0.9370277078085643,794,794,674.0,0
15,3549,28,1,0,0,126.75,2975.0,741030.33125,249.08582563025212,1851.0,2574.0,0,0,0,0,40,19,0.07297830374753451,1,1.0,3549,3549,2975.0,0
16,1498,12,1,0,0,124.83333333333333,1223.0,307392.28135,251.342830212592,900.0,1111.0,0,0,0,0,18,10,0.08344459279038718,1,0.7383177570093458,1498,1498,1223.0,0
17,2506,29,1,0,0,86.41379310344827,2066.0,504338.91628,244.11370584704744,1388.0,1832.0,0,0,0,0,34,7,0.07182761372705507,1,0.6644054269752594,2506,2506,2066.0,0
18,4798,35,1,0,0,137.0857142857143,4033.0,1010732.35598,250.61551102901066,2228.0,3299.0,0,0,0,0,52,20,0.07649020425177157,1,0.9335139641517299,4798,4798,4033.0,0
19,321,4,1,0,0,80.25,267.0,66587.62094,249.39183872659174,237.0,255.0,0,0,0,0,8,0,0.07165109034267912,1,0.8068535825545171,321,321,267.0,1
20,4014,26,1,0,0,154.3846153846154,3325.0,831147.84103,249.96927549774438,1921.0,2787.0,0,0,0,0,49,23,0.08370702541106129,1,0.9247633283507724,4014,4014,3325.0,0
21,821,11,1,0,0,74.63636363636364,667.0,160627.28941,240.82052385307347,523.0,618.0,0,0,0,0,15,7,0.09744214372716199,1,0.9305724725943971,821,821,667.0,0
22,80,2,1,0,0,40.0,64.0,15329.06813,239.51668953125,64.0,64.0,0,0,0,0,0,1,0.05,0,0.0,80,80,64.0,0
23,144,6,1,0,0,24.0,108.0,28126.90614,260.4343161111111,103.0,107.0,0,0,0,0,3,0,0.08333333333333333,0,0.0,144,144,108.0,0
24,1791,24,1,0,0,74.625,1469.0,368912.07825,251.1314351599728,1022.0,1314.0,0,0,0,0,19,8,0.08096035734226689,1,0.6208821887213847,1791,1791,1469.0,0
25,1780,21,1,0,0,84.76190476190476,1489.0,373289.98267,250.6984437004701,1052.0,1330.0,0,0,0,0,19,10,0.07640449438202247,1,0.8421348314606741,1780,1780,1489.0,0
26,399,7,1,0,0,57.0,316.0,78653.84529,248.90457370253165,277.0,304.0,0,0,0,0,5,1,0.08771929824561403,1,0.3508771929824561,399,399,316.0,0
27,1666,20,1,0,0,83.3,1369.0,337286.82406,246.37459756026297,1003.0,1249.0,0,0,0,0,29,7,0.07803121248499399,1,0.7581032412965186,1666,1666,1369.0,0
28,2659,33,1,0,0,80.57575757575758,2149.0,539129.4355,250.87456281991626,1425.0,1888.0,0,0,0,0,37,9,0.07972922151184655,1,0.6145167356148928,2659,2659,2149.0,1
29,5292,66,1,0,0,80.18181818181819,4368.0,1084867.76643,248.36716264423077,2330.0,3522.0,0,0,0,0,66,38,0.07615268329554044,1,0.7399848828420257,5292,5292,4368.0,0
30,4533,51,1,0,0,88.88235294117646,3767.0,944271.82009,250.6694505149987,2151.0,3118.0,0,0,0,0,45,16,0.06816677696889477,1,0.6565188616810059,4533,4533,3767.0,0
32,369,12,1,0,0,30.75,281.0,68817.89713,244.90354850533808,246.0,276.0,0,0,0,0,5,2,0.07588075880758807,1,0.44715447154471544,369,369,281.0,1
33,2621,21,1,0,0,124.80952380952381,2171.0,543203.6766,250.20897125748505,1442.0,1903.0,0,0,0,0,36,10,0.085463563525372,1,0.968714231209462,2621,2621,2171.0,0
34,897,6,1,0,0,149.5,733.0,182760.60157,249.33233502046386,590.0,689.0,0,0,0,0,10,5,0.07803790412486064,1,0.745819397993311,897,897,733.0,0
35,5096,52,1,0,0,98.0,4233.0,1062128.20925,250.91618456177653,2272.0,3429.0,0,0,0,0,60,20,0.07554945054945054,1,0.8437990580847724,5096,5096,4233.0,0
36,2770,32,1,0,0,86.5625,2278.0,560855.4439,246.20519925373134,1468.0,1966.0,0,0,0,0,33,14,0.08267148014440433,1,0.7613718411552347,2770,2770,2278.0,0
37,1474,21,1,0,0,70.19047619047619,1196.0,296406.39321,247.8314324498328,885.0,1098.0,0,0,0,0,10,4,0.08344640434192672,1,0.6350067842605156,1474,1474,1196.0,0
38,3338,37,1,0,0,90.21621621621621,2790.0,686755.09713,246.14878033333335,1672.0,2365.0,0,0,0,0,26,17,0.07639304973037747,1,0.9712402636309168,3338,3338,2790.0,0
39,9408,89,1,0,0,105.70786516853933,7852.0,1953625.20048,248.8060622109017,3520.0,5856.0,0,0,0,0,110,48,0.07355442176870748,1,0.8498086734693877,9408,9408,7852.0,0
40,2239,30,1,0,0,74.63333333333334,1821.0,446037.82241,244.94114355299288,1243.0,1638.0,0,0,0,0,22,13,0.08619919606967397,1,0.6449307726663689,2239,2239,1821.0,0
41,2322,16,1,0,0,145.125,1960.0,487347.00771,248.64643250510204,1321.0,1718.0,0,0,0,0,15,17,0.06589147286821706,1,0.9496124031007752,2322,2322,1960.0,0
42,6126,71,1,0,0,86.28169014084507,5084.0,1254099.246,246.6756974822974,2665.0,4044.0,0,0,0,0,63,26,0.0723147241266732,1,0.8044400914136467,6126,6126,5084.0,0
43,496,7,1,0,0,70.85714285714286,389.0,93844.22527,241.2447950385604,341.0,370.0,0,0,0,0,7,2,0.08064516129032258,1,0.37701612903225806,496,496,389.0,0
44,757,8,1,0,0,94.625,625.0,156630.23412,250.60837459200002,523.0,596.0,0,0,0,0,6,7,0.0726552179656539,1,0.6697490092470277,757,757,625.0,1
45,3036,20,1,0,0,151.8,2544.0,634166.04367,249.27910521619498,1580.0,2186.0,0,0,0,0,27,13,0.07213438735177866,1,0.9209486166007905,3036,3036,2544.0,0
46,1520,17,1,0,0,89.41176470588235,1238.0,309122.75632,249.69527974151856,900.0,1130.0,0,0,0,0,14,8,0.07697368421052632,1,0.8789473684210526,1520,1520,1238.0,0
47,983,12,1,0,0,81.91666666666667,823.0,206337.35105,250.71367077764276,658.0,776.0,0,0,0,0,15,4,0.07324516785350967,1,0.775178026449644,983,983,823.0,0
48,381,4,1,0,0,95.25,302.0,78848.35933,261.0872825496689,264.0,287.0,0,0,0,0,4,3,0.10498687664041995,1,0.7296587926509186,381,381,302.0,1
49,1071,10,1,0,0,107.1,869.0,213970.93674,246.22662455696204,679.0,809.0,0,0,0,0,10,8,0.08403361344537816,1,0.8394024276377218,1071,1071,869.0,0
50,487,10,1,0,0,48.7,367.0,89528.12748,243.94585144414168,331.0,353.0,0,0,0,0,5,5,0.08829568788501027,0,0.0,487,487,367.0,0
51,2792,15,1,0,0,186.13333333333333,2377.0,590093.05443,248.25117981909972,1522.0,2062.0,0,0,0,0,30,12,0.07342406876790832,1,1.0,2792,2792,2377.0,1
52,2199,33,1,0,0,66.63636363636364,1744.0,434659.88529,249.23158560206423,1201.0,1547.0,0,0,0,0,33,13,0.08913142337426103,1,0.517962710322874,2199,2199,1744.0,0
53,3766,31,1,0,0,121.48387096774194,3153.0,773676.20653,245.37780099270535,1852.0,2676.0,0,0,0,0,35,23,0.07461497610196495,1,0.8534253850238981,3766,3766,3153.0,0
54,4060,42,1,0,0,96.66666666666667,3357.0,840032.6464,250.23313863568663,1975.0,2795.0,0,0,0,0,41,19,0.08054187192118227,1,0.8576354679802956,4060,4060,3357.0,1
55,758,24,1,0,0,31.583333333333332,585.0,144767.81308,247.46634714529912,491.0,554.0,0,0,0,0,14,3,0.08443271767810026,1,0.14643799472295516,758,758,585.0,0
56,1631,25,1,0,0,65.24,1306.0,323801.16446,247.93351030627872,942.0,1193.0,0,0,0,0,21,11,0.08461066830165542,1,0.6474555487431024,1631,1631,1306.0,0
57,271,3,1,0,0,90.33333333333333,227.0,55977.11823,246.59523449339207,203.0,220.0,0,0,0,0,4,1,0.07011070110701106,1,0.7712177121771218,271,271,227.0,0
58,3840,32,1,0,0,120.0,3181.0,791918.36211,248.95264448601068,1861.0,2666.0,0,0,0,0,40,27,0.07682291666666667,1,0.86015625,3840,3840,3181.0,0
59,1243,20,1,0,0,62.15,992.0,246362.09044,248.3488814919355,772.0,922.0,0,0,0,0,24,4,0.08205953338696702,1,0.40386162510056317,1243,1243,992.0,0
60,2378,22,1,0,0,108.0909090909091,1988.0,494541.07414,248.76311576458752,1312.0,1756.0,0,0,0,0,24,8,0.0727502102607233,1,0.8675357443229604,2378,2378,1988.0,0
61,3053,31,1,0,0,98.48387096774194,2487.0,614436.48869,247.05930385605149,1545.0,2109.0,0,0,0,0,32,14,0.08483458892892237,1,0.6596790042581068,3053,3053,2487.0,0
62,1756,12,1,0,0,146.33333333333334,1475.0,364377.09917,247.03532147118645,1046.0,1324.0,0,0,0,0,20,8,0.07972665148063782,1,1.0,1756,1756,1475.0,0
63,124,2,1,0,0,62.0,98.0,25806.47964,263.3314248979592,93.0,97.0,0,0,0,0,1,0,0.0967741935483871,0,0.0,124,124,98.0,1
64,110,4,1,0,0,27.5,77.0,19234.99528,249.8051335064935,75.0,76.0,0,0,0,0,4,1,0.13636363636363635,0,0.0,110,110,77.0,0
65,3409,41,1,0,0,83.14634146341463,2796.0,697964.2114,249.62954628040058,1703.0,2397.0,0,0,0,0,30,14,0.08448225286007627,1,0.813141683778234,3409,3409,2796.0,0
66,2355,31,1,0,0,75.96774193548387,1950.0,489207.07011,250.87542056923076,1316.0,1747.0,0,0,0,0,26,12,0.07430997876857749,1,0.764755838641189,2355,2355,1950.0,0
67,2223,21,1,0,0,105.85714285714286,1825.0,450740.8281,246.98127567123288,1229.0,1628.0,0,0,0,0,29,12,0.0796221322537112,1,0.8632478632478633,2223,2223,1825.0,0
68,83,4,1,0,0,20.75,58.0,14554.67088,250.94260137931033,56.0,56.0,0,0,0,0,5,0,0.1686746987951807,0,0.0,83,83,58.0,0
69,1402,17,1,0,0,82.47058823529412,1142.0,287783.73707,251.99976976357266,867.0,1049.0,0,0,0,0,15,5,0.0891583452211127,1,0.7617689015691869,1402,1402,1142.0,0
70,4288,34,1,0,0,126.11764705882354,3600.0,898257.69853,249.51602736944446,2046.0,2985.0,0,0,0,0,48,25,0.08115671641791045,1,0.9759794776119403,4288,4288,3600.0,0
71,299,4,1,0,0,74.75,240.0,58962.647189999996,245.67769662499998,225.0,236.0,0,0,0,0,4,1,0.10033444816053512,1,0.5919732441471572,299,299,240.0,0
72,165,1,1,0,0,165.0,117.0,28247.97959,241.435722991453,111.0,117.0,0,0,0,0,4,3,0.10303030303030303,0,0.0,165,165,117.0,0
73,695,14,1,0,0,49.642857142857146,564.0,140437.45194,249.00257436170213,477.0,535.0,0,0,0,0,12,5,0.08489208633093526,1,0.6345323741007194,695,695,564.0,0
74,4050,36,1,0,0,112.5,3337.0,840844.93251,251.97630581660172,1970.0,2785.0,0,0,0,0,37,19,0.08345679012345679,1,0.8577777777777778,4050,4050,3337.0,0
75,1300,10,1,0,0,130.0,1109.0,272236.78897,245.47952116321008,832.0,1016.0,0,0,0,0,10,5,0.07307692307692308,1,1.0,1300,1300,1109.0,0
76,1218,16,1,0,0,76.125,1020.0,250810.28682,245.89243805882353,778.0,936.0,0,0,0,0,8,3,0.07307060755336617,1,0.7422003284072249,1218,1218,1020.0,0
77,1182,9,1,0,0,131.33333333333334,1005.0,251220.80807,249.9709533034826,769.0,933.0,0,0,0,0,13,6,0.06175972927241963,1,0.9170896785109983,1182,1182,1005.0,0
78,1396,20,1,0,0,69.8,1119.0,273962.85587,244.8282894280608,863.0,1038.0,0,0,0,0,25,4,0.08094555873925502,1,0.5759312320916905,1396,1396,1119.0,0
79,426,6,1,0,0,71.0,335.0,84723.80565,252.9068825373134,295.0,319.0,0,0,0,0,6,0,0.06807511737089202,1,0.1643192488262911,426,426,335.0,0
80,1550,27,1,0,0,57.407407407407405,1247.0,306039.20603,245.42037372093023,913.0,1133.0,0,0,0,0,29,6,0.08580645161290322,1,0.632258064516129,1550,1550,1247.0,0
81,3168,26,1,0,0,121.84615384615384,2657.0,663070.40338,249.55604191945804,1655.0,2272.0,0,0,0,0,37,16,0.07291666666666667,1,0.9870580808080808,3168,3168,2657.0,0
82,2520,26,1,0,0,96.92307692307692,2054.0,512377.53078000003,249.45352034079846,1358.0,1819.0,0,0,0,0,38,11,0.09444444444444444,1,0.7686507936507937,2520,2520,2054.0,0
83,2852,36,1,0,0,79.22222222222223,2380.0,592791.31915,249.07198283613445,1547.0,2085.0,0,0,0,0,25,13,0.07398316970546985,1,0.7994389901823282,2852,2852,2380.0,0
84,97,3,1,0,0,32.333333333333336,73.0,18111.52284,248.10305260273975,69.0,71.0,0,0,0,0,3,1,0.07216494845360824,0,0.0,97,97,73.0,1
85,4860,56,1,0,0,86.78571428571429,3977.0,991767.30066,249.3757356449585,2256.0,3264.0,0,0,0,0,62,22,0.08477366255144032,1,0.7705761316872428,4860,4860,3977.0,0
86,1945,21,1,0,0,92.61904761904762,1607.0,400666.1514,249.32554536403234,1138.0,1449.0,0,0,0,0,22,11,0.07917737789203085,1,0.7830334190231363,1945,1945,1607.0,0
87,5411,75,1,0,0,72.14666666666666,4450.0,1112031.05311,249.8946186764045,2400.0,3612.0,0,0,0,0,71,26,0.07928294215486971,1,0.7346146738126039,5411,5411,4450.0,0
88,4190,37,1,0,0,113.24324324324324,3491.0,872053.50942,249.80048966485248,2012.0,2922.0,0,0,0,0,45,20,0.08591885441527446,1,0.9,4190,4190,3491.0,0
89,1191,13,1,0,0,91.61538461538461,967.0,242302.64726,250.57150699069285,737.0,893.0,0,0,0,0,11,6,0.07808564231738035,1,0.5827036104114189,1191,1191,967.0,0
90,633,9,1,0,0,70.33333333333333,514.0,127724.12288,248.4905114396887,426.0,492.0,0,0,0,0,10,4,0.07582938388625593,1,0.9636650868878357,633,633,514.0,0
91,1691,23,1,0,0,73.52173913043478,1401.0,353983.9394,252.6651958600999,984.0,1259.0,0,0,0,0,17,9,0.07628622117090479,1,0.6918982850384388,1691,1691,1401.0,0
92,13420,117,1,0,0,114.7008547008547,11224.0,2791544.80606,248.71211743228795,4314.0,7789.0,0,0,0,0,124,83,0.07630402384500745,1,0.9050670640834575,13420,13420,11224.0,0
93,2130,18,1,0,0,118.33333333333333,1760.0,443350.0328,251.9034277272727,1198.0,1564.0,0,0,0,0,18,17,0.07323943661971831,1,0.7154929577464789,2130,2130,1760.0,0
94,280,10,1,0,0,28.0,213.0,54582.83888,256.2574595305164,200.0,208.0,0,0,0,0,5,1,0.08571428571428572,1,0.19642857142857142,280,280,213.0,0
95,3822,47,1,0,0,81.31914893617021,3169.0,796626.49452,251.38103329757018,1796.0,2622.0,0,0,0,0,32,27,0.08608058608058608,1,0.891156462585034,3822,3822,3169.0,0
96,3059,27,1,0,0,113.29629629629629,2567.0,640924.09681,249.67826132060773,1650.0,2229.0,0,0,0,0,31,15,0.07845701209545602,1,0.9921542987904544,3059,3059,2567.0,0
97,2883,44,1,0,0,65.52272727272727,2304.0,574339.65739,249.27936518663194,1498.0,1985.0,0,0,0,0,37,21,0.0766562608394034,1,0.38015955601803675,2883,2883,2304.0,0
98,3909,41,1,0,0,95.34146341463415,3249.0,822567.53885,253.17560444752232,1929.0,2746.0,0,0,0,0,50,20,0.08135072908672294,1,0.860066513174725,3909,3909,3249.0,0
99,1400,19,1,0,0,73.6842105263158,1169.0,289589.52091,247.72414106929,859.0,1080.0,0,0,0,0,11,5,0.07428571428571429,1,0.6085714285714285,1400,1400,1169.0,0
100,4947,57,1,0,0,86.78947368421052,4138.0,1024079.88682,247.48184795070082,2291.0,3359.0,0,0,0,0,45,26,0.077824944410754,1,0.9272286234081262,4947,4947,4138.0,0
101,7785,53,1,0,0,146.88679245283018,6542.0,1638530.12794,250.46318066952003,3078.0,4994.0,0,0,0,0,86,39,0.07784200385356455,1,0.9771355170199101,7785,7785,6542.0,0
102,327,13,1,0,0,25.153846153846153,249.0,65019.60155,261.12289779116463,228.0,247.0,0,0,0,0,7,3,0.08868501529051988,0,0.0,327,327,249.0,0
103,1624,21,1,0,0,77.33333333333333,1303.0,322744.66963,247.6935300306984,967.0,1178.0,0,0,0,0,23,11,0.07943349753694581,1,0.6490147783251231,1624,1624,1303.0,0
104,3845,39,1,0,0,98.58974358974359,3216.0,802147.08742,249.42384559079602,1942.0,2705.0,0,0,0,0,38,21,0.07282184655396619,1,0.8736020806241872,3845,3845,3216.0,0
105,3696,18,1,0,0,205.33333333333334,3073.0,772813.29505,251.4849642206313,1835.0,2611.0,0,0,0,0,33,20,0.09036796536796536,1,0.9715909090909091,3696,3696,3073.0,0
106,2602,26,1,0,0,100.07692307692308,2151.0,534339.12588,248.41428446304042,1426.0,1885.0,0,0,0,0,27,14,0.0883935434281322,1,0.8259031514219831,2602,2602,2151.0,0
107,711,7,1,0,0,101.57142857142857,591.0,148858.92545,251.8763543993232,497.0,562.0,0,0,0,0,11,2,0.06610407876230662,1,0.5569620253164557,711,711,591.0,0
108,475,6,1,0,0,79.16666666666667,389.0,96996.89136,249.3493351156812,338.0,378.0,0,0,0,0,6,1,0.06315789473684211,1,0.4421052631578947,475,475,389.0,0
109,1316,22,1,0,0,59.81818181818182,1057.0,261237.20221,247.14967096499527,794.0,987.0,0,0,0,0,23,14,0.07674772036474165,1,0.5767477203647416,1316,1316,1057.0,0
110,558,8,1,0,0,69.75,436.0,110864.10277,254.27546506880734,368.0,416.0,0,0,0,0,6,2,0.08602150537634409,0,0.0,558,558,436.0,0
111,662,9,1,0,0,73.55555555555556,538.0,132274.9299,245.8641819702602,441.0,504.0,0,0,0,0,7,3,0.09969788519637462,1,0.6193353474320241,662,662,538.0,0
112,518,15,1,0,0,34.53333333333333,398.0,97187.00648,244.1884584924623,348.0,384.0,0,0,0,0,6,2,0.08301158301158301,0,0.0,518,518,398.0,0
113,2220,34,1,0,0,65.29411764705883,1822.0,459395.69313,252.13814112513722,1234.0,1614.0,0,0,0,0,24,9,0.07972972972972973,1,0.7153153153153153,2220,2220,1822.0,0
114,2515,34,1,0,0,73.97058823529412,2054.0,512449.99416,249.48879949367088,1324.0,1792.0,0,0,0,0,34,16,0.08508946322067594,1,0.8222664015904573,2515,2515,2054.0,0
115,1809,13,1,0,0,139.15384615384616,1508.0,375615.62959,249.08198248673742,1082.0,1370.0,0,0,0,0,16,7,0.08402432283029299,1,0.912106135986733,1809,1809,1508.0,0
116,171,5,1,0,0,34.2,133.0,32974.96014,247.93203112781958,124.0,131.0,0,0,0,0,4,0,0.08771929824561403,0,0.0,171,171,133.0,0
117,564,20,1,0,0,28.2,430.0,106102.71437,246.75049853488372,368.0,410.0,0,0,0,0,12,1,0.08156028368794327,0,0.0,564,564,430.0,0
118,4751,41,1,0,0,115.8780487804878,3940.0,984447.28437,249.85971684517767,2187.0,3216.0,0,0,0,0,45,27,0.07703641338665544,1,0.8385603030940855,4751,4751,3940.0,0
119,527,11,1,0,0,47.90909090909091,408.0,103782.31946,254.3684300490196,360.0,395.0,0,0,0,0,7,5,0.08159392789373814,0,0.0,527,527,408.0,0
120,3047,21,1,0,0,145.0952380952381,2568.0,641465.27158,249.79177242211836,1611.0,2223.0,0,0,0,0,27,13,0.08106334099113882,1,1.0,3047,3047,2568.0,0
121,3674,47,1,0,0,78.17021276595744,2991.0,748363.75728,250.2052013640923,1810.0,2550.0,0,0,0,0,47,19,0.08083832335329341,1,0.678279804028307,3674,3674,2991.0,0
122,412,12,1,0,0,34.333333333333336,315.0,79427.27919,252.15009266666667,283.0,304.0,0,0,0,0,8,2,0.08980582524271845,1,0.08980582524271845,412,412,315.0,0
123,200,7,1,0,0,28.571428571428573,150.0,35307.16456,235.38109706666665,149.0,150.0,0,0,0,0,3,1,0.08,0,0.0,200,200,150.0,0
124,6471,39,1,0,0,165.92307692307693,5465.0,1357973.40071,248.48552620494053,2745.0,4303.0,0,0,0,0,69,31,0.07510431154381085,1,1.0,6471,6471,5465.0,0
125,95,4,1,0,0,23.75,70.0,17902.88417,255.75548814285716,68.0,70.0,0,0,0,0,0,2,0.08421052631578947,0,0.0,95,95,70.0,1
126,5592,46,1,0,0,121.56521739130434,4684.0,1166234.08838,248.98251246370626,2499.0,3788.0,0,0,0,0,66,25,0.07439198855507868,1,0.8977110157367668,5592,5592,4684.0,0
127,2408,25,1,0,0,96.32,2015.0,499781.32976,248.03043660545904,1365.0,1783.0,0,0,0,0,31,15,0.07475083056478406,1,0.970514950166113,2408,2408,2015.0,0
128,1981,21,1,0,0,94.33333333333333,1604.0,401041.76748,250.02603957605984,1097.0,1417.0,0,0,0,0,23,6,0.08581524482584553,1,0.801110550227158,1981,1981,1604.0,0
129,2063,29,1,0,0,71.13793103448276,1670.0,415177.40446,248.6092242275449,1184.0,1505.0,0,0,0,0,27,10,0.07125545322346098,1,0.6131846825012118,2063,2063,1670.0,0
130,364,7,1,0,0,52.0,272.0,71482.73064,262.80415676470585,249.0,264.0,0,0,0,0,5,3,0.08241758241758242,0,0.0,364,364,272.0,1
131,2809,29,1,0,0,96.86206896551724,2321.0,577387.74778,248.76680214562688,1510.0,2034.0,0,0,0,0,32,19,0.08116767532929868,1,0.8241367034531862,2809,2809,2321.0,0
132,2106,15,1,0,0,140.4,1758.0,441104.62668,250.91275692832764,1193.0,1568.0,0,0,0,0,32,14,0.08641975308641975,1,0.9482431149097815,2106,2106,1758.0,0
133,44,1,1,0,0,44.0,32.0,8029.16428,250.91138375,32.0,32.0,0,0,0,0,2,0,0.11363636363636363,0,0.0,44,44,32.0,0
134,175,6,1,0,0,29.166666666666668,134.0,34178.18578,255.06108791044775,128.0,133.0,0,0,0,0,3,0,0.05714285714285714,0,0.0,175,175,134.0,0
135,70,2,1,0,0,35.0,52.0,12879.67597,247.68607634615384,51.0,51.0,0,0,0,0,1,0,0.11428571428571428,0,0.0,70,70,52.0,0
136,2251,36,1,0,0,62.52777777777778,1832.0,460102.71876,251.1477722489083,1215.0,1613.0,0,0,0,0,24,17,0.07552199022656597,1,0.5455353176366059,2251,2251,1832.0,0
137,105,2,1,0,0,52.5,89.0,22261.27561,250.12669224719102,86.0,89.0,0,0,0,0,1,0,0.06666666666666667,0,0.0,105,105,89.0,0
138,1942,21,1,0,0,92.47619047619048,1608.0,396419.39837,246.52947659825873,1127.0,1434.0,0,0,0,0,19,12,0.07209062821833162,1,0.6972193614830072,1942,1942,1608.0,0
139,666,7,1,0,0,95.14285714285714,545.0,135679.59614,248.95338741284405,460.0,522.0,0,0,0,0,6,3,0.07957957957957958,1,0.8258258258258259,666,666,545.0,0
140,11892,106,1,0,0,112.18867924528301,9897.0,2467975.73732,249.36604398504596,3995.0,7018.0,0,0,0,0,128,62,0.08198789101917256,1,0.868903464513959,11892,11892,9897.0,0
141,1310,16,1,0,0,81.875,1087.0,269819.87605,248.22435699172036,833.0,1008.0,0,0,0,0,15,6,0.07404580152671755,1,0.6992366412213741,1310,1310,1087.0,0
142,3191,26,1,0,0,122.73076923076923,2646.0,661933.89486,250.16398142857142,1648.0,2288.0,0,0,0,0,33,26,0.0827326856784707,1,0.8884362268881228,3191,3191,2646.0,0
143,2050,23,1,0,0,89.1304347826087,1716.0,423736.50843,246.93269722027972,1154.0,1505.0,0,0,0,0,15,9,0.07707317073170732,1,0.8663414634146341,2050,2050,1716.0,0
144,253,7,1,0,0,36.142857142857146,201.0,50319.08595,250.34371119402985,188.0,198.0,0,0,0,0,5,0,0.07509881422924901,0,0.0,253,253,201.0,0
145,1150,20,1,0,0,57.5,948.0,239512.88276,252.65072021097046,732.0,868.0,0,0,0,0,12,1,0.07652173913043478,1,0.7460869565217392,1150,1150,948.0,0
146,844,21,1,0,0,40.19047619047619,656.0,165103.37603,251.68197565548783,550.0,628.0,0,0,0,0,14,7,0.07227488151658767,0,0.0,844,844,656.0,0
147,737,14,1,0,0,52.642857142857146,584.0,143268.43732,245.32266664383562,491.0,557.0,0,0,0,0,11,6,0.08683853459972862,1,0.35956580732700133,737,737,584.0,0
148,787,16,1,0,0,49.1875,605.0,149869.25713,247.71778038016532,500.0,580.0,0,0,0,0,12,3,0.07369758576874205,0,0.0,787,787,605.0,0
149,842,7,1,0,0,120.28571428571429,678.0,172382.38646,254.25130746312686,562.0,642.0,0,0,0,0,8,5,0.09382422802850356,1,0.6971496437054632,842,842,678.0,1
150,371,8,1,0,0,46.375,287.0,73688.58168,256.75464,262.0,279.0,0,0,0,0,5,3,0.05929919137466307,0,0.0,371,371,287.0,0
151,235,3,1,0,0,78.33333333333333,193.0,45538.15904,235.94901056994817,182.0,192.0,0,0,0,0,2,1,0.06382978723404255,1,0.6936170212765957,235,235,193.0,1
152,471,16,1,0,0,29.4375,367.0,88996.53559,242.4973721798365,322.0,353.0,0,0,0,0,1,2,0.08917197452229299,1,0.04246284501061571,471,471,367.0,0
153,1110,8,1,0,0,138.75,931.0,228264.35510000002,245.18190665950593,723.0,860.0,0,0,0,0,8,5,0.07477477477477477,1,0.9963963963963964,1110,1110,931.0,0
154,214,6,1,0,0,35.666666666666664,156.0,37080.48435,237.6954125,142.0,151.0,0,0,0,0,3,1,0.1261682242990654,0,0.0,214,214,156.0,0
155,848,8,1,0,0,106.0,691.0,167548.44745,242.47242756874095,555.0,642.0,0,0,0,0,13,9,0.07783018867924528,1,0.8301886792452831,848,848,691.0,0
156,66,2,1,0,0,33.0,48.0,11968.31786,249.33995541666664,46.0,47.0,0,0,0,0,2,0,0.12121212121212122,0,0.0,66,66,48.0,0
157,2344,17,1,0,0,137.88235294117646,1978.0,487783.14876999997,246.60422081395348,1347.0,1747.0,0,0,0,0,18,9,0.07209897610921502,1,0.8016211604095563,2344,2344,1978.0,0
158,35,3,1,0,0,11.666666666666666,17.0,4317.85025,253.9911911764706,17.0,17.0,0,0,0,0,1,0,0.14285714285714285,0,0.0,35,35,17.0,0
159,324,10,1,0,0,32.4,248.0,63396.38063,255.6305670564516,230.0,243.0,0,0,0,0,5,4,0.06172839506172839,0,0.0,324,324,248.0,0
160,1038,20,1,0,0,51.9,840.0,215422.02576,256.4547925714286,667.0,787.0,0,0,0,0,16,4,0.0674373795761079,1,0.4094412331406551,1038,1038,840.0,0
161,46,2,1,0,0,23.0,30.0,7356.79945,245.22664833333334,30.0,30.0,0,0,0,0,1,0,0.13043478260869565,0,0.0,46,46,30.0,0
162,1993,15,1,0,0,132.86666666666667,1676.0,414550.17567,247.34497355011933,1156.0,1501.0,0,0,0,0,18,12,0.08178625188158554,1,0.9969894631209232,1993,1993,1676.0,1
163,5121,25,1,0,0,204.84,4355.0,1079021.62066,247.76615859012628,2368.0,3570.0,0,0,0,0,47,12,0.07244678773677016,1,1.0,5121,5121,4355.0,0
164,1248,22,1,0,0,56.72727272727273,1023.0,256807.7909,251.03400869990224,811.0,959.0,0,0,0,0,14,8,0.0673076923076923,1,0.6915064102564102,1248,1248,1023.0,0
165,351,9,1,0,0,39.0,269.0,66657.7066,247.79816579925654,247.0,266.0,0,0,0,0,8,4,0.10256410256410256,1,0.5527065527065527,351,351,269.0,0
166,666,19,1,0,0,35.05263157894737,483.0,120471.52627,249.42344983436854,411.0,459.0,0,0,0,0,14,3,0.1021021021021021,0,0.0,666,666,483.0,0
167,180,5,1,0,0,36.0,139.0,33009.88573,237.4811923021583,132.0,137.0,0,0,0,0,4,0,0.07777777777777778,0,0.0,180,180,139.0,0
168,1347,16,1,0,0,84.1875,1122.0,277293.25781,247.1419410071301,838.0,1045.0,0,0,0,0,9,13,0.06161841128433556,1,0.6926503340757239,1347,1347,1122.0,0
169,77,5,1,0,0,15.4,61.0,14502.81642,237.751088852459,61.0,61.0,0,0,0,0,0,0,0.05194805194805195,0,0.0,77,77,61.0,0
170,431,14,1,0,0,30.785714285714285,340.0,86928.12011,255.6709415,308.0,331.0,0,0,0,0,9,1,0.07888631090487239,0,0.0,431,431,340.0,0
171,629,5,1,0,0,125.8,542.0,138475.8751,255.49054446494466,466.0,510.0,0,0,0,0,4,3,0.06041335453100159,1,1.0,629,629,542.0,0
172,2728,26,1,0,0,104.92307692307692,2251.0,569941.47102,253.19478943580634,1464.0,1942.0,0,0,0,0,28,17,0.08211143695014662,1,0.8508064516129032,2728,2728,2251.0,1
173,1233,20,1,0,0,61.65,968.0,236712.34178,244.537543161157,747.0,896.0,0,0,0,0,22,9,0.0827250608272506,1,0.32927818329278186,1233,1233,968.0,0
174,2649,20,1,0,0,132.45,2227.0,555484.14275,249.43158632689716,1431.0,1933.0,0,0,0,0,16,9,0.07776519441298603,1,0.8629671574178935,2649,2649,2227.0,0
175,2458,30,1,0,0,81.93333333333334,1985.0,499284.33741,251.5286334559194,1326.0,1749.0,0,0,0,0,32,16,0.07689178193653377,1,0.46541903986981287,2458,2458,1985.0,0
176,51,3,1,0,0,17.0,33.0,7249.27813,219.67509484848483,32.0,32.0,0,0,0,0,1,0,0.0784313725490196,0,0.0,51,51,33.0,0
177,23,1,1,0,0,23.0,19.0,4578.18569,240.9571415789474,19.0,19.0,0,0,0,0,0,0,0.0,0,0.0,23,23,19.0,1
178,535,18,1,0,0,29.72222222222222,390.0,97106.47457,248.99096043589745,351.0,382.0,0,0,0,0,11,2,0.08411214953271028,0,0.0,535,535,390.0,0
179,2032,16,1,0,0,127.0,1727.0,429351.29242,248.61105525188188,1169.0,1530.0,0,0,0,0,24,16,0.0703740157480315,1,1.0,2032,2032,1727.0,0
180,142,2,1,0,0,71.0,111.0,28125.85984,253.3861246846847,109.0,110.0,0,0,0,0,1,4,0.09154929577464789,1,0.9788732394366197,142,142,111.0,1
181,671,19,1,0,0,35.31578947368421,511.0,127896.03602,250.28578477495108,448.0,496.0,0,0,0,0,17,6,0.08047690014903129,1,0.12369597615499255,671,671,511.0,0
182,1214,10,1,0,0,121.4,997.0,246528.14883,247.26995870611836,762.0,920.0,0,0,0,0,12,6,0.09390444810543658,1,1.0,1214,1214,997.0,0
183,710,12,1,0,0,59.166666666666664,559.0,139099.25359,248.83587404293382,466.0,532.0,0,0,0,0,9,5,0.09718309859154929,1,0.5211267605633803,710,710,559.0,0
184,1249,10,1,0,0,124.9,1075.0,270042.62754,251.20244422325584,862.0,1021.0,0,0,0,0,8,9,0.07205764611689351,1,1.0,1249,1249,1075.0,0
185,2699,20,1,0,0,134.95,2305.0,566642.99086,245.8321001561822,1471.0,1987.0,0,0,0,0,28,18,0.07558354946276398,1,0.981104112634309,2699,2699,2305.0,0
186,620,5,1,0,0,124.0,518.0,132207.4386,255.22671544401544,436.0,489.0,0,0,0,0,3,5,0.08064516129032258,1,1.0,620,620,518.0,1
187,199,5,1,0,0,39.8,142.0,34140.20007,240.42394415492956,136.0,139.0,0,0,0,0,5,2,0.135678391959799,0,0.0,199,199,142.0,1
188,2528,31,1,0,0,81.54838709677419,2077.0,513580.11918,247.27015848820412,1348.0,1815.0,0,0,0,0,28,13,0.08109177215189874,1,0.9359177215189873,2528,2528,2077.0,1
189,1063,10,1,0,0,106.3,835.0,211095.00101,252.8083844431138,664.0,783.0,0,0,0,0,16,6,0.08748824082784572,1,0.5014111006585137,1063,1063,835.0,1
190,943,6,1,0,0,157.16666666666666,783.0,189480.18685,241.99257579821202,628.0,738.0,0,0,0,0,18,5,0.07635206786850478,1,0.9490986214209968,943,943,783.0,1
191,109,2,1,0,0,54.5,90.0,21853.42528,242.81583644444444,90.0,90.0,0,0,0,0,1,0,0.06422018348623854,0,0.0,109,109,90.0,0
192,161,4,1,0,0,40.25,126.0,30762.99266,244.15073539682538,117.0,124.0,0,0,0,0,1,1,0.062111801242236024,0,0.0,161,161,126.0,1
193,126,6,1,0,0,21.0,103.0,25093.20388,243.6233386407767,95.0,98.0,0,0,0,0,3,0,0.06349206349206349,0,0.0,126,126,103.0,0
194,159,3,1,0,0,53.0,121.0,30538.69265,252.3858896694215,118.0,120.0,0,0,0,0,3,1,0.0880503144654088,0,0.0,159,159,121.0,1
195,4725,44,1,0,0,107.38636363636364,3932.0,968664.5748,246.35416449643947,2210.0,3255.0,0,0,0,0,51,28,0.07830687830687831,1,0.8914285714285715,4725,4725,3932.0,0
196,1326,33,1,0,0,40.18181818181818,1061.0,261695.88455,246.65022106503298,824.0,977.0,0,0,0,0,13,2,0.07616892911010557,1,0.11161387631975868,1326,1326,1061.0,1
197,121,6,1,0,0,20.166666666666668,92.0,22330.44644,242.72224391304349,88.0,92.0,0,0,0,0,5,0,0.0743801652892562,0,0.0,121,121,92.0,1
198,1447,8,1,0,0,180.875,1248.0,310384.70092,248.70568983974357,902.0,1126.0,0,0,0,0,14,5,0.07394609536973047,1,1.0,1447,1447,1248.0,1
199,216,3,1,0,0,72.0,166.0,40592.90431,244.5355681325301,155.0,166.0,0,0,0,0,4,2,0.06481481481481481,0,0.0,216,216,166.0,1
200,204,2,1,0,0,102.0,164.0,38613.16321,235.44611713414633,155.0,159.0,0,0,0,0,1,2,0.09803921568627451,1,1.0,204,204,164.0,1
201,175,4,1,0,0,43.75,128.0,31137.37873,243.260771328125,122.0,127.0,0,0,0,0,5,5,0.05714285714285714,0,0.0,175,175,128.0,0
202,32,1,1,0,0,32.0,18.0,5069.26204,281.62566888888887,18.0,18.0,0,0,0,0,1,0,0.21875,1,0.46875,32,32,18.0,0
203,1961,18,1,0,0,108.94444444444444,1590.0,403901.39841,254.02603673584906,1105.0,1414.0,0,0,0,0,33,15,0.09077001529831719,1,0.8551759306476288,1961,1961,1590.0,0
204,208,2,1,0,0,104.0,174.0,43927.30065,252.45575086206895,164.0,172.0,0,0,0,0,4,1,0.07692307692307693,1,1.0,208,208,174.0,0
205,676,4,1,0,0,169.0,576.0,147450.72328,255.99083902777778,481.0,551.0,0,0,0,0,9,4,0.07544378698224852,1,1.0,676,676,576.0,0
206,416,12,1,0,0,34.666666666666664,328.0,81590.05533,248.7501686890244,287.0,315.0,0,0,0,0,8,3,0.08413461538461539,1,0.44711538461538464,416,416,328.0,0
207,851,12,1,0,0,70.91666666666667,723.0,180229.0795,249.27950138312585,585.0,685.0,0,0,0,0,9,6,0.07168037602820211,1,0.8730904817861339,851,851,723.0,0
208,38,1,1,0,0,38.0,26.0,6451.24044,248.12463230769228,26.0,26.0,0,0,0,0,1,1,0.13157894736842105,0,0.0,38,38,26.0,1
209,879,6,1,0,0,146.5,738.0,182168.01138,246.84012382113823,606.0,702.0,0,0,0,0,12,5,0.07622298065984073,1,1.0,879,879,738.0,0
210,321,6,1,0,0,53.5,255.0,61411.88109,240.83090623529412,228.0,249.0,0,0,0,0,3,2,0.08411214953271028,1,0.9345794392523364,321,321,255.0,1
211,123,3,1,0,0,41.0,104.0,25004.1259,240.4242875,102.0,104.0,0,0,0,0,2,0,0.056910569105691054,1,1.0,123,123,104.0,1
212,934,8,1,0,0,116.75,790.0,196620.36345,248.88653601265824,649.0,743.0,0,0,0,0,9,6,0.07815845824411134,1,1.0,934,934,790.0,0
213,430,2,1,0,0,215.0,359.0,85712.24203,238.7527633147632,324.0,343.0,0,0,0,0,5,5,0.07441860465116279,1,1.0,430,430,359.0,0
214,2051,22,1,0,0,93.22727272727273,1741.0,431709.30353,247.9662857725445,1200.0,1542.0,0,0,0,0,17,7,0.0780107264748903,1,1.0,2051,2051,1741.0,1
215,927,5,1,0,0,185.4,791.0,195926.75964,247.69501850821746,652.0,753.0,0,0,0,0,9,5,0.07335490830636461,1,1.0,927,927,791.0,0
216,1736,15,1,0,0,115.73333333333333,1459.0,365313.53283,250.3862459424263,1073.0,1333.0,0,0,0,0,20,12,0.07315668202764977,1,0.9890552995391705,1736,1736,1459.0,0
217,516,6,1,0,0,86.0,442.0,114014.44118,257.95122438914024,386.0,423.0,0,0,0,0,4,1,0.06201550387596899,1,0.8701550387596899,516,516,442.0,0
218,148,4,1,0,0,37.0,121.0,29604.30756,244.6636988429752,115.0,120.0,0,0,0,0,1,0,0.0472972972972973,0,0.0,148,148,121.0,1
219,2207,18,1,0,0,122.61111111111111,1827.0,453613.64328,248.28332965517242,1236.0,1612.0,0,0,0,0,26,17,0.07838695061169007,1,0.9370185772541912,2207,2207,1827.0,0
220,985,11,1,0,0,89.54545454545455,827.0,209939.60877,253.85684252720677,661.0,766.0,0,0,0,0,6,6,0.08730964467005076,1,1.0,985,985,827.0,0
221,299,6,1,0,0,49.833333333333336,247.0,61331.63654,248.3062208097166,224.0,238.0,0,0,0,0,3,2,0.0903010033444816,1,1.0,299,299,247.0,1
222,567,16,1,0,0,35.4375,437.0,112749.98639,258.00912217391306,377.0,421.0,0,0,0,0,9,2,0.07054673721340388,0,0.0,567,567,437.0,0
223,1389,23,1,0,0,60.391304347826086,1096.0,278219.91125,253.85028398722628,820.0,988.0,0,0,0,0,20,5,0.10007199424046076,1,0.6580273578113751,1389,1389,1096.0,1
224,401,5,1,0,0,80.2,325.0,81428.75056,250.55000172307692,295.0,320.0,0,0,0,0,7,3,0.0798004987531172,1,0.9152119700748129,401,401,325.0,0
225,2340,16,1,0,0,146.25,1949.0,489128.59882,250.96387830682403,1293.0,1708.0,0,0,0,0,17,11,0.08461538461538462,1,0.9794871794871794,2340,2340,1949.0,0
226,480,6,1,0,0,80.0,407.0,99890.83253,245.43202095823096,344.0,394.0,0,0,0,0,8,1,0.06875,1,1.0,480,480,407.0,0
227,157,4,1,0,0,39.25,119.0,29444.90929,247.4362125210084,113.0,116.0,0,0,0,0,1,0,0.06369426751592357,0,0.0,157,157,119.0,0
228,3191,31,1,0,0,102.93548387096774,2604.0,640081.54065,245.80704326036866,1635.0,2238.0,0,0,0,0,45,18,0.08900031338138514,1,0.7154497022876841,3191,3191,2604.0,0
230,4630,44,1,0,0,105.22727272727273,3859.0,967812.38932,250.79357069707177,2173.0,3226.0,0,0,0,0,52,22,0.07602591792656588,1,0.8434125269978402,4630,4630,3859.0,0
231,229,1,1,0,0,229.0,202.0,53618.24638,265.4368632673267,181.0,193.0,0,0,0,0,3,1,0.0611353711790393,1,1.0,229,229,202.0,1
232,1981,19,1,0,0,104.26315789473684,1578.0,388869.76288,246.432042382763,1119.0,1445.0,0,0,0,0,28,20,0.08833922261484099,1,0.6547198384654215,1981,1981,1578.0,0
233,918,5,1,0,0,183.6,764.0,188031.36616,246.11435361256545,601.0,714.0,0,0,0,0,12,6,0.0860566448801743,1,0.9172113289760349,918,918,764.0,0
234,2021,26,1,0,0,77.73076923076923,1674.0,418121.37651,249.77382109318995,1173.0,1509.0,0,0,0,0,22,7,0.07817911924789708,1,0.8129638792676893,2021,2021,1674.0,1
235,551,9,1,0,0,61.22222222222222,451.0,112289.7547,248.979500443459,384.0,428.0,0,0,0,0,5,3,0.07259528130671507,1,0.4664246823956443,551,551,451.0,0
236,558,4,1,0,0,139.5,466.0,115010.76662,246.80422021459228,390.0,446.0,0,0,0,0,7,5,0.0913978494623656,1,1.0,558,558,466.0,1
237,809,5,1,0,0,161.8,684.0,169377.64911,247.62814197368422,567.0,646.0,0,0,0,0,12,8,0.06798516687268233,1,0.892459826946848,809,809,684.0,0
238,1074,10,1,0,0,107.4,903.0,223980.52131,248.04044441860466,720.0,842.0,0,0,0,0,14,4,0.08193668528864059,1,0.8379888268156425,1074,1074,903.0,1
239,337,12,1,0,0,28.083333333333332,262.0,65659.88451,250.61024622137407,236.0,258.0,0,0,0,0,4,1,0.06824925816023739,0,0.0,337,337,262.0,0
240,131,2,1,0,0,65.5,98.0,23534.55804,240.14855142857144,94.0,96.0,0,0,0,0,1,3,0.08396946564885496,0,0.0,131,131,98.0,0
241,284,9,1,0,0,31.555555555555557,233.0,57247.58092,245.6977721888412,216.0,225.0,0,0,0,0,3,2,0.07042253521126761,0,0.0,284,284,233.0,0
242,56,1,1,0,0,56.0,45.0,11298.59183,251.07981844444444,44.0,45.0,0,0,0,0,2,0,0.07142857142857142,0,0.0,56,56,45.0,0
244,1456,11,1,0,0,132.36363636363637,1201.0,293315.76572,244.2262828642798,884.0,1089.0,0,0,0,0,20,3,0.08104395604395605,1,0.7918956043956044,1456,1456,1201.0,0
245,241,5,1,0,0,48.2,193.0,52196.14437,270.44634388601037,181.0,189.0,0,0,0,0,2,0,0.058091286307053944,1,0.43983402489626555,241,241,193.0,0
246,3566,23,1,0,0,155.04347826086956,2999.0,754551.79623,251.60113245415138,1802.0,2546.0,0,0,0,0,38,16,0.07655636567582726,1,0.89035333707235,3566,3566,2999.0,1
247,395,6,1,0,0,65.83333333333333,320.0,78605.49087,245.64215896874998,289.0,313.0,0,0,0,0,3,2,0.0810126582278481,1,0.8177215189873418,395,395,320.0,0
248,81,3,1,0,0,27.0,66.0,17058.58232,258.4633684848485,63.0,64.0,0,0,0,0,0,0,0.06172839506172839,1,1.0,81,81,66.0,1
250,4294,38,1,0,0,113.0,3591.0,898159.69079,250.11408821776664,2053.0,2956.0,0,0,0,0,55,24,0.07475547275267816,1,0.9068467629250117,4294,4294,3591.0,0
251,1963,18,1,0,0,109.05555555555556,1609.0,398750.51285,247.82505459912988,1084.0,1435.0,0,0,0,0,23,13,0.08303616912888435,1,0.7121752419765665,1963,1963,1609.0,0
252,238,4,1,0,0,59.5,188.0,45645.57682,242.79562138297874,177.0,186.0,0,0,0,0,5,2,0.08403361344537816,1,0.6638655462184874,238,238,188.0,0
253,348,5,1,0,0,69.6,283.0,68139.3655,240.77514310954064,255.0,273.0,0,0,0,0,2,1,0.07758620689655173,1,0.7586206896551724,348,348,283.0,0
254,1143,6,1,0,0,190.5,940.0,231378.0945,246.1469090425532,739.0,874.0,0,0,0,0,16,1,0.09011373578302712,1,0.9772528433945756,1143,1143,940.0,0
255,2204,8,1,0,0,275.5,1883.0,466740.17477,247.87051235793945,1271.0,1689.0,0,0,0,0,16,10,0.073502722323049,1,1.0,2204,2204,1883.0,0
256,741,9,1,0,0,82.33333333333333,636.0,154387.66917,242.74790750000003,530.0,604.0,0,0,0,0,7,2,0.0796221322537112,1,1.0,741,741,636.0,0
257,70,2,1,0,0,35.0,55.0,14081.75138,256.03184327272726,53.0,55.0,0,0,0,0,0,1,0.07142857142857142,0,0.0,70,70,55.0,1
258,2337,18,1,0,0,129.83333333333334,1967.0,493824.88893,251.05484948144382,1312.0,1732.0,0,0,0,0,32,7,0.07787762088147197,1,1.0,2337,2337,1967.0,0
259,3002,31,1,0,0,96.83870967741936,2500.0,616744.68843,246.697875372,1576.0,2188.0,0,0,0,0,27,18,0.072618254497002,1,0.7971352431712192,3002,3002,2500.0,0
260,907,8,1,0,0,113.375,759.0,190359.19215,250.80262470355729,608.0,716.0,0,0,0,0,10,5,0.06615214994487321,1,0.8665931642778391,907,907,759.0,0
261,355,7,1,0,0,50.714285714285715,276.0,67577.44883,244.84582909420288,246.0,269.0,0,0,0,0,8,7,0.07042253521126761,0,0.0,355,355,276.0,0
262,58,4,1,0,0,14.5,41.0,8877.2516,216.51833170731706,41.0,41.0,0,0,0,0,2,0,0.08620689655172414,0,0.0,58,58,41.0,0
263,824,11,1,0,0,74.9090909090909,699.0,173337.38735,247.97909492131618,574.0,661.0,0,0,0,0,10,3,0.0691747572815534,1,1.0,824,824,699.0,0
264,1100,11,1,0,0,100.0,903.0,221743.31634,245.56291953488372,731.0,839.0,0,0,0,0,10,7,0.08363636363636363,1,0.8527272727272728,1100,1100,903.0,0
265,512,16,1,0,0,32.0,389.0,96459.50039,247.96786732647814,337.0,377.0,0,0,0,0,12,4,0.08203125,0,0.0,512,512,389.0,1
267,9,1,1,0,0,9.0,7.0,1626.45887,232.35126714285713,7.0,7.0,0,0,0,0,0,0,0.0,1,1.0,9,9,7.0,0
268,706,11,1,0,0,64.18181818181819,592.0,149308.80583,252.21082065878377,496.0,561.0,0,0,0,0,11,1,0.08498583569405099,1,0.7011331444759207,706,706,592.0,0
269,2374,29,1,0,0,81.86206896551724,1944.0,475476.82653,244.5868449228395,1299.0,1708.0,0,0,0,0,20,11,0.08930075821398484,1,0.7363100252737995,2374,2374,1944.0,0
270,807,8,1,0,0,100.875,660.0,165848.9612,251.28630484848483,541.0,631.0,0,0,0,0,15,3,0.09665427509293681,1,0.7757125154894672,807,807,660.0,0
271,221,1,1,0,0,221.0,190.0,47189.04689,248.3634046842105,174.0,184.0,0,0,0,0,3,0,0.07692307692307693,1,1.0,221,221,190.0,1
272,131,2,1,0,0,65.5,97.0,23796.25319,245.32219783505155,93.0,96.0,0,0,0,0,2,0,0.09923664122137404,0,0.0,131,131,97.0,1
273,746,6,1,0,0,124.33333333333333,617.0,151624.13174,245.7441357212318,498.0,583.0,0,0,0,0,8,4,0.07908847184986595,1,0.8029490616621984,746,746,617.0,0
274,293,8,1,0,0,36.625,229.0,58656.31413,256.14110973799126,216.0,225.0,0,0,0,0,2,1,0.06825938566552901,1,0.3447098976109215,293,293,229.0,0
275,657,14,1,0,0,46.92857142857143,514.0,128542.30409,250.0823036770428,448.0,497.0,0,0,0,0,19,0,0.0867579908675799,0,0.0,657,657,514.0,0
276,4248,30,1,0,0,141.6,3584.0,891959.76594,248.8727025502232,2058.0,3010.0,0,0,0,0,45,21,0.07532956685499058,1,0.9990583804143126,4248,4248,3584.0,0
277,16,1,1,0,0,16.0,12.0,2511.45906,209.28825500000002,12.0,12.0,0,0,0,0,0,2,0.0625,0,0.0,16,16,12.0,0
278,132,2,1,0,0,66.0,109.0,26123.83176,239.6681812844037,104.0,109.0,0,0,0,0,2,0,0.09848484848484848,1,1.0,132,132,109.0,0
279,477,7,1,0,0,68.14285714285714,378.0,90415.11021,239.19341325396826,341.0,371.0,0,0,0,0,11,3,0.0859538784067086,1,0.6415094339622641,477,477,378.0,0
280,35,2,1,0,0,17.5,25.0,6026.0458,241.041832,25.0,25.0,0,0,0,0,1,0,0.08571428571428572,0,0.0,35,35,25.0,0
281,1428,10,1,0,0,142.8,1188.0,287631.86614,242.11436543771043,890.0,1091.0,0,0,0,0,15,0,0.08543417366946779,1,0.9292717086834734,1428,1428,1188.0,0
282,2680,21,1,0,0,127.61904761904762,2205.0,555365.29567,251.86634724263038,1434.0,1898.0,0,0,0,0,29,16,0.08880597014925373,1,0.8175373134328359,2680,2680,2205.0,0
283,3461,24,1,0,0,144.20833333333334,2904.0,712504.25712,245.3527056198347,1724.0,2472.0,0,0,0,0,43,20,0.08263507656746605,1,0.9739959549263218,3461,3461,2904.0,0
284,635,24,1,0,0,26.458333333333332,485.0,121774.66983,251.08179346391753,427.0,473.0,0,0,0,0,17,2,0.08818897637795275,1,0.2551181102362205,635,635,485.0,0
285,644,7,1,0,0,92.0,522.0,125778.64999,240.95526818007664,437.0,497.0,0,0,0,0,4,4,0.09161490683229814,1,0.6972049689440993,644,644,522.0,0
286,283,3,1,0,0,94.33333333333333,245.0,61756.17947,252.06603865306124,230.0,242.0,0,0,0,0,1,1,0.038869257950530034,1,0.911660777385159,283,283,245.0,1
287,229,3,1,0,0,76.33333333333333,181.0,43394.26891,239.7473420441989,173.0,178.0,0,0,0,0,2,1,0.07860262008733625,0,0.0,229,229,181.0,1
288,1616,16,1,0,0,101.0,1334.0,332543.99601,249.28335532983508,992.0,1223.0,0,0,0,0,18,6,0.08663366336633663,1,0.8539603960396039,1616,1616,1334.0,1
289,583,8,1,0,0,72.875,460.0,112989.77997,245.62995645652174,397.0,449.0,0,0,0,0,12,0,0.09948542024013722,1,0.7084048027444254,583,583,460.0,0
290,640,8,1,0,0,80.0,501.0,123985.30102,247.47565073852294,432.0,480.0,0,0,0,0,7,2,0.103125,1,0.4359375,640,640,501.0,0
291,1275,23,1,0,0,55.43478260869565,1036.0,260064.23547,251.02725431467184,779.0,959.0,0,0,0,0,21,6,0.08078431372549019,1,0.5372549019607843,1275,1275,1036.0,0
292,3060,15,1,0,0,204.0,2573.0,644155.93375,250.35209240186552,1626.0,2224.0,0,0,0,0,35,12,0.07941176470588235,1,0.9911764705882353,3060,3060,2573.0,0
293,4941,55,1,0,0,89.83636363636364,4093.0,1010956.56358,246.9964729000733,2274.0,3371.0,0,0,0,0,60,18,0.08297915401740538,1,0.8297915401740539,4941,4941,4093.0,0
294,1840,14,1,0,0,131.42857142857142,1574.0,389822.05858,247.6633154891995,1107.0,1405.0,0,0,0,0,17,7,0.075,1,0.9771739130434782,1840,1840,1574.0,0
295,1511,13,1,0,0,116.23076923076923,1284.0,315189.77879,245.47490559968847,956.0,1174.0,0,0,0,0,10,4,0.07610853739245532,1,1.0,1511,1511,1284.0,0
296,152,5,1,0,0,30.4,112.0,28314.15006,252.80491125,108.0,109.0,0,0,0,0,3,2,0.09868421052631579,1,0.3092105263157895,152,152,112.0,1
297,27,1,1,0,0,27.0,19.0,4638.5807700000005,244.13583000000003,19.0,19.0,0,0,0,0,0,0,0.1111111111111111,0,0.0,27,27,19.0,1
298,365,11,1,0,0,33.18181818181818,287.0,68778.42328,239.64607414634148,249.0,268.0,0,0,0,0,4,6,0.06301369863013699,0,0.0,365,365,287.0,0
299,2058,15,1,0,0,137.2,1723.0,425302.38923,246.83829903076028,1166.0,1537.0,0,0,0,0,17,11,0.07240038872691934,1,0.9310009718172984,2058,2058,1723.0,0
300,125,1,1,0,0,125.0,97.0,22465.75844,231.60575711340206,97.0,97.0,0,0,0,0,1,1,0.088,1,1.0,125,125,97.0,0
301,200,4,1,0,0,50.0,168.0,40506.33361,241.1091286309524,161.0,163.0,0,0,0,0,1,3,0.04,0,0.0,200,200,168.0,0
302,116,2,1,0,0,58.0,91.0,22699.34813,249.44338604395602,86.0,89.0,0,0,0,0,2,0,0.07758620689655173,0,0.0,116,116,91.0,0
100001,320,6,1,0,0,53.333333333333336,229.0,58869.08145,257.0702246724891,213.0,222.0,0,0,0,0,9,2,0.096875,0,0.0,320,320,229.0,1
100002,394,7,1,0,0,56.285714285714285,331.0,85863.3731,259.4059610271903,297.0,324.0,0,0,0,0,4,2,0.05583756345177665,1,0.8908629441624365,394,394,331.0,0
100003,904,10,1,0,0,90.4,711.0,174405.18946,245.29562511954992,584.0,672.0,0,0,0,0,15,4,0.06305309734513274,1,0.5685840707964602,904,904,711.0,1
100004,1193,20,1,0,0,59.65,863.0,213787.32461,247.7257527346466,688.0,817.0,0,0,0,0,25,10,0.08549874266554904,1,0.21374685666387258,1193,1193,863.0,0
100005,315,6,1,0,0,52.5,226.0,54390.70246,240.6668250442478,213.0,225.0,0,0,0,0,4,2,0.06984126984126984,0,0.0,315,315,226.0,1
100006,298,3,1,0,0,99.33333333333333,222.0,53004.96057,238.76108364864865,206.0,219.0,0,0,0,0,3,1,0.087248322147651,1,0.14429530201342283,298,298,222.0,0
100007,1041,17,1,0,0,61.23529411764706,855.0,210592.83996,246.30741515789475,675.0,808.0,0,0,0,0,10,3,0.07396733909702209,1,0.9913544668587896,1041,1041,855.0,0
100008,654,8,1,0,0,81.75,534.0,132884.89088,248.84811026217227,441.0,500.0,0,0,0,0,7,3,0.08409785932721713,1,1.0,654,654,534.0,0
100009,3586,31,1,0,0,115.6774193548387,2866.0,726028.96336,253.32483020237265,1748.0,2446.0,0,0,0,0,51,20,0.07780256553262688,1,0.696319018404908,3586,3586,2866.0,0
100010,485,8,1,0,0,60.625,347.0,86812.57733,250.18033812680116,309.0,336.0,0,0,0,0,5,2,0.08041237113402062,0,0.0,485,485,347.0,0
100011,1172,20,1,0,0,58.6,908.0,227863.54242,250.951037907489,700.0,832.0,0,0,0,0,24,10,0.0810580204778157,1,0.7593856655290102,1172,1172,908.0,0
100012,767,13,1,0,0,59.0,588.0,142633.37257,242.57376287414968,486.0,560.0,0,0,0,0,9,3,0.06258148631029987,1,0.3324641460234681,767,767,588.0,1
100013,1418,14,1,0,0,101.28571428571429,1150.0,284810.60674,247.6613971652174,831.0,1050.0,0,0,0,0,13,9,0.07475317348377997,1,0.7679830747531735,1418,1418,1150.0,1
100014,642,8,1,0,0,80.25,529.0,137409.48425,259.7532783553875,442.0,499.0,0,0,0,0,9,4,0.0763239875389408,1,1.0,642,642,529.0,0
100015,1431,20,1,0,0,71.55,1059.0,262262.89951,247.65146318224743,804.0,977.0,0,0,0,0,23,9,0.0803633822501747,1,0.19636617749825297,1431,1431,1059.0,0
100016,709,12,1,0,0,59.083333333333336,593.0,146957.91563,247.82110561551434,482.0,554.0,0,0,0,0,10,2,0.08039492242595205,1,0.9689703808180536,709,709,593.0,0
100017,252,2,1,0,0,126.0,178.0,44643.10628,250.80396786516854,169.0,175.0,0,0,0,0,1,0,0.08333333333333333,0,0.0,252,252,178.0,1
100018,933,18,1,0,0,51.833333333333336,711.0,176343.94535,248.02242665260195,579.0,674.0,0,0,0,0,16,5,0.09431939978563773,1,0.5284030010718114,933,933,711.0,0
100019,332,7,1,0,0,47.42857142857143,226.0,56370.70571,249.42790137168143,210.0,221.0,0,0,0,0,9,3,0.09337349397590361,0,0.0,332,332,226.0,0
100020,88,1,1,0,0,88.0,66.0,17459.0917,264.53169242424246,65.0,66.0,0,0,0,0,2,0,0.06818181818181818,0,0.0,88,88,66.0,0
100021,884,10,1,0,0,88.4,693.0,170161.78863,245.54370653679652,586.0,650.0,0,0,0,0,13,2,0.08144796380090498,1,0.49547511312217196,884,884,693.0,0
100022,3139,42,1,0,0,74.73809523809524,2495.0,618385.12828,247.84975081362722,1546.0,2127.0,0,0,0,0,38,16,0.07327174259318255,1,0.6087926091111819,3139,3139,2495.0,0
100023,667,11,1,0,0,60.63636363636363,549.0,138401.1616,252.09683351548267,458.0,516.0,0,0,0,0,6,4,0.06446776611694154,1,0.8770614692653673,667,667,549.0,1
100024,1120,14,1,0,0,80.0,905.0,221345.54883,244.58071693922653,712.0,838.0,0,0,0,0,10,2,0.08035714285714286,1,0.8098214285714286,1120,1120,905.0,1
100025,1525,20,1,0,0,76.25,1253.0,303819.84007,242.47393461292896,918.0,1145.0,0,0,0,0,15,6,0.07344262295081967,1,0.8459016393442623,1525,1525,1253.0,1
100026,523,8,1,0,0,65.375,406.0,97816.91947,240.9283730788177,354.0,395.0,0,0,0,0,7,3,0.08795411089866156,1,0.7151051625239006,523,523,406.0,1
100027,145,4,1,0,0,36.25,93.0,23706.81172,254.91195397849464,88.0,93.0,0,0,0,0,2,1,0.11724137931034483,0,0.0,145,145,93.0,0
100028,707,8,1,0,0,88.375,552.0,137260.83702,248.6609366304348,464.0,524.0,0,0,0,0,12,3,0.07637906647807638,1,0.3592644978783593,707,707,552.0,1
100029,82,1,1,0,0,82.0,64.0,19001.96283,296.90566921875,60.0,64.0,0,0,0,0,2,0,0.08536585365853659,1,0.7804878048780488,82,82,64.0,0
100030,119,3,1,0,0,39.666666666666664,98.0,22649.03312,231.11258285714285,96.0,97.0,0,0,0,0,2,1,0.06722689075630252,1,1.0,119,119,98.0,1
100031,223,9,1,0,0,24.77777777777778,159.0,40073.35809,252.0336986792453,143.0,157.0,0,0,0,0,6,2,0.08968609865470852,0,0.0,223,223,159.0,0
100032,13,1,1,0,0,13.0,7.0,1743.04337,249.00619571428572,7.0,7.0,0,0,0,0,0,0,0.07692307692307693,0,0.0,13,13,7.0,1
100033,741,9,1,0,0,82.33333333333333,633.0,155442.28602,245.56443289099525,527.0,600.0,0,0,0,0,8,4,0.06342780026990553,1,1.0,741,741,633.0,0
100034,191,2,1,0,0,95.5,167.0,39388.58057,235.85976389221557,153.0,159.0,0,0,0,0,0,0,0.05235602094240838,1,1.0,191,191,167.0,1
100035,646,5,1,0,0,129.2,551.0,137679.37136,249.8718173502722,465.0,519.0,0,0,0,0,7,1,0.06501547987616099,1,0.9891640866873065,646,646,551.0,0
100036,127,4,1,0,0,31.75,92.0,23399.76889,254.3453140217391,86.0,90.0,0,0,0,0,1,2,0.07874015748031496,0,0.0,127,127,92.0,1
100037,150,3,1,0,0,50.0,122.0,30606.36423,250.87183795081967,113.0,120.0,0,0,0,0,1,1,0.08666666666666667,1,1.0,150,150,122.0,0
100038,692,8,1,0,0,86.5,503.0,125135.05362,248.77744258449306,424.0,479.0,0,0,0,0,8,4,0.07947976878612717,0,0.0,692,692,503.0,1
100039,95,4,1,0,0,23.75,66.0,16108.61336,244.06989939393938,65.0,66.0,0,0,0,0,2,0,0.07368421052631578,0,0.0,95,95,66.0,0
100040,259,5,1,0,0,51.8,191.0,48584.96223,254.37152999999998,180.0,190.0,0,0,0,0,3,2,0.06563706563706563,0,0.0,259,259,191.0,1
100041,163,5,1,0,0,32.6,123.0,29434.53688,239.30517788617885,114.0,121.0,0,0,0,0,1,1,0.10429447852760736,1,0.8957055214723927,163,163,123.0,1
100042,377,5,1,0,0,75.4,271.0,68557.38241,252.97927088560888,248.0,264.0,0,0,0,0,4,1,0.09549071618037135,1,0.2891246684350133,377,377,271.0,1
100043,2093,19,1,0,0,110.15789473684211,1568.0,386599.96172,246.55609803571429,1106.0,1424.0,0,0,0,0,28,8,0.08552317247969422,1,0.23650262780697565,2093,2093,1568.0,1
100044,186,4,1,0,0,46.5,132.0,31364.22425,237.60775946969696,132.0,132.0,0,0,0,0,4,0,0.06451612903225806,0,0.0,186,186,132.0,1
100045,77,1,1,0,0,77.0,65.0,15989.86113,245.99786353846153,64.0,65.0,0,0,0,0,0,0,0.07792207792207792,1,0.9090909090909091,77,77,65.0,1
100046,501,6,1,0,0,83.5,379.0,96439.33834,254.45735709762533,334.0,363.0,0,0,0,0,10,2,0.0718562874251497,1,0.3413173652694611,501,501,379.0,0
100047,492,7,1,0,0,70.28571428571429,369.0,94980.35193,257.39932772357724,316.0,359.0,0,0,0,0,5,1,0.07926829268292683,1,0.3048780487804878,492,492,369.0,1
100048,205,2,1,0,0,102.5,165.0,41581.24762,252.00756133333334,153.0,163.0,0,0,0,0,3,1,0.07317073170731707,1,1.0,205,205,165.0,1
100049,603,9,1,0,0,67.0,465.0,116201.61115,249.89593795698923,392.0,440.0,0,0,0,0,5,5,0.05804311774461028,1,0.5240464344941956,603,603,465.0,1
100050,172,5,1,0,0,34.4,144.0,33993.28653,236.06448979166666,135.0,141.0,0,0,0,0,2,1,0.08139534883720931,1,1.0,172,172,144.0,0
100051,100,1,1,0,0,100.0,69.0,16295.43972,236.16579304347826,67.0,69.0,0,0,0,0,2,0,0.08,0,0.0,100,100,69.0,1
200001,538,16,1,0,0,33.625,410.0,106395.86956,259.5021208780488,349.0,386.0,0,0,0,0,9,1,0.10594795539033457,0,0.0,538,538,410.0,1
200002,868,10,1,0,0,86.8,696.0,172498.88446,247.84322479885057,574.0,671.0,0,0,0,0,16,3,0.08294930875576037,1,0.6140552995391705,868,868,696.0,1
200003,739,12,1,0,0,61.583333333333336,566.0,139014.35236,245.6083963957597,477.0,541.0,0,0,0,0,10,4,0.10284167794316644,1,0.21515561569688768,739,739,566.0,0
200004,2996,42,1,0,0,71.33333333333333,2383.0,595360.92758,249.8367299958036,1505.0,2052.0,0,0,0,0,40,13,0.09579439252336448,1,0.5787716955941254,2996,2996,2383.0,0
200005,453,13,1,0,0,34.84615384615385,355.0,86677.39001,244.161662,320.0,344.0,0,0,0,0,7,0,0.0772626931567329,1,0.15673289183222958,453,453,355.0,0
200006,1070,28,1,0,0,38.214285714285715,789.0,195831.46596,248.20211148288973,613.0,729.0,0,0,0,0,25,1,0.10560747663551402,1,0.027102803738317756,1070,1070,789.0,0
200007,124,5,1,0,0,24.8,97.0,22558.31032,232.55990020618557,97.0,97.0,0,0,0,0,2,0,0.08064516129032258,1,1.0,124,124,97.0,0
200008,1700,17,1,0,0,100.0,1395.0,342997.66115,245.87645960573477,999.0,1260.0,0,0,0,0,22,8,0.08823529411764706,1,0.9376470588235294,1700,1700,1395.0,0
200009,1563,23,1,0,0,67.95652173913044,1248.0,314167.26902,251.73659376602563,908.0,1134.0,0,0,0,0,21,8,0.09596928982725528,1,0.3474088291746641,1563,1563,1248.0,0
200010,510,10,1,0,0,51.0,376.0,94696.78954,251.85316367021275,325.0,357.0,0,0,0,0,16,1,0.12549019607843137,0,0.0,510,510,376.0,1
200011,1893,29,1,0,0,65.27586206896552,1449.0,361813.62539,249.6988442995169,1039.0,1310.0,0,0,0,0,33,12,0.1045958795562599,1,0.3560486001056524,1893,1893,1449.0,0
200013,223,6,1,0,0,37.166666666666664,174.0,43182.91535,248.17767442528736,164.0,174.0,0,0,0,0,0,1,0.08968609865470852,1,0.4663677130044843,223,223,174.0,1
200014,685,13,1,0,0,52.69230769230769,497.0,123417.6881,248.32532816901409,419.0,478.0,0,0,0,0,15,4,0.11824817518248175,1,0.07737226277372262,685,685,497.0,0
200015,843,18,1,0,0,46.833333333333336,637.0,151984.63851,238.59440896389324,534.0,609.0,0,0,0,0,14,5,0.08659549228944247,0,0.0,843,843,637.0,0
200016,556,10,1,0,0,55.6,433.0,105391.68612,243.39881321016165,383.0,417.0,0,0,0,0,9,0,0.1079136690647482,1,0.36510791366906475,556,556,433.0,1
200017,1159,17,1,0,0,68.17647058823529,892.0,222879.1514,249.86451950672645,694.0,824.0,0,0,0,0,24,3,0.11389128559102675,1,0.3442622950819672,1159,1159,892.0,1
200018,1486,21,1,0,0,70.76190476190476,1162.0,289293.65769,248.96183966437178,863.0,1073.0,0,0,0,0,17,5,0.09892328398384927,1,0.2839838492597577,1486,1486,1162.0,0
200019,1913,25,1,0,0,76.52,1517.0,380569.06911,250.8695247923533,1042.0,1327.0,0,0,0,0,25,13,0.09984317825405123,1,0.6136957658128593,1913,1913,1517.0,0
200020,3827,70,1,0,0,54.67142857142857,3041.0,754496.18859,248.1079212726077,1774.0,2556.0,0,0,0,0,49,17,0.09067154429056702,1,0.45100600992944867,3827,3827,3041.0,0
200021,3072,32,1,0,0,96.0,2483.0,614005.84688,247.283869061619,1573.0,2125.0,0,0,0,0,38,8,0.09375,1,0.7594401041666666,3072,3072,2483.0,1
200022,914,16,1,0,0,57.125,704.0,175971.10281,249.95895285511367,564.0,655.0,0,0,0,0,17,3,0.0886214442013129,0,0.0,914,914,704.0,1
200023,5928,112,1,0,0,52.92857142857143,4584.0,1148631.36787,250.57403313045376,2360.0,3598.0,0,0,0,0,100,30,0.10458839406207827,1,0.3549257759784076,5928,5928,4584.0,0
200024,1749,20,1,0,0,87.45,1377.0,346745.52409,251.8122905519245,998.0,1251.0,0,0,0,0,19,15,0.09777015437392796,1,0.7232704402515723,1749,1749,1377.0,1
200025,2061,24,1,0,0,85.875,1617.0,398330.12063,246.33897379715523,1128.0,1446.0,0,0,0,0,24,13,0.09801067442988841,1,0.5312954876273653,2061,2061,1617.0,0
200026,706,10,1,0,0,70.6,589.0,146139.55334,248.1146915789474,498.0,561.0,0,0,0,0,6,4,0.08781869688385269,1,1.0,706,706,589.0,0
200027,447,2,1,0,0,223.5,351.0,86043.73951,245.138859002849,315.0,344.0,0,0,0,0,6,4,0.1029082774049217,1,0.9530201342281879,447,447,351.0,1
200028,1188,13,1,0,0,91.38461538461539,943.0,233908.1568,248.04682587486744,732.0,883.0,0,0,0,0,13,8,0.0968013468013468,1,0.5740740740740741,1188,1188,943.0,1
200029,271,5,1,0,0,54.2,209.0,49460.04567,236.6509362200957,192.0,207.0,0,0,0,0,4,0,0.08856088560885608,0,0.0,271,271,209.0,1
200030,1016,14,1,0,0,72.57142857142857,818.0,204115.56047,249.53002502444988,615.0,744.0,0,0,0,0,8,7,0.10039370078740158,1,0.952755905511811,1016,1016,818.0,0
200033,9,1,1,0,0,9.0,6.0,1484.27483,247.37913833333334,6.0,6.0,0,0,0,0,1,0,0.3333333333333333,0,0.0,9,9,6.0,1
200034,201,4,1,0,0,50.25,163.0,41995.211,257.63933128834356,149.0,158.0,0,0,0,0,1,3,0.05472636815920398,1,0.8905472636815921,201,201,163.0,1
200035,10,1,1,0,0,10.0,9.0,2887.3102,320.81224444444445,9.0,9.0,0,0,0,0,1,0,0.1,0,0.0,10,10,9.0,1
200036,369,10,1,0,0,36.9,265.0,64365.541900000004,242.88883735849058,244.0,256.0,0,0,0,0,12,1,0.10569105691056911,0,0.0,369,369,265.0,0
200037,155,7,1,0,0,22.142857142857142,122.0,30116.43781,246.85604762295083,114.0,120.0,0,0,0,0,0,0,0.07096774193548387,0,0.0,155,155,122.0,1
200038,1314,20,1,0,0,65.7,1062.0,267164.17472,251.56701951035782,811.0,990.0,0,0,0,0,24,2,0.0867579908675799,1,0.5471841704718418,1314,1314,1062.0,0
200039,472,3,1,0,0,157.33333333333334,379.0,93306.70814,246.1918420580475,334.0,368.0,0,0,0,0,5,6,0.0614406779661017,1,0.24364406779661016,472,472,379.0,1
200040,198,5,1,0,0,39.6,163.0,38790.30003,237.977300797546,158.0,161.0,0,0,0,0,2,1,0.08080808080808081,1,1.0,198,198,163.0,0
200041,1405,29,1,0,0,48.44827586206897,1072.0,263413.43054,245.72148371268653,841.0,1014.0,0,0,0,0,23,7,0.09252669039145907,1,0.29537366548042704,1405,1405,1072.0,1
200042,192,6,1,0,0,32.0,141.0,34295.52461,243.23067099290782,133.0,138.0,0,0,0,0,7,0,0.10416666666666667,0,0.0,192,192,141.0,0
200043,808,12,1,0,0,67.33333333333333,615.0,152875.4241,248.57792536585367,512.0,578.0,0,0,0,0,12,3,0.10148514851485149,1,0.2599009900990099,808,808,615.0,1
200044,3,1,1,0,0,3.0,1.0,131.00363,131.00363,1.0,1.0,0,0,0,0,1,0,0.3333333333333333,0,0.0,3,3,1.0,1
200045,1123,17,1,0,0,66.05882352941177,899.0,223097.95017,248.1623472413793,714.0,849.0,0,0,0,0,12,7,0.09082813891362422,1,0.6829919857524488,1123,1123,899.0,1
200046,288,9,1,0,0,32.0,218.0,54636.02205,250.62395435779817,195.0,212.0,0,0,0,0,3,1,0.09722222222222222,1,0.34375,288,288,218.0,0
200047,1000,9,1,0,0,111.11111111111111,821.0,205108.29055,249.82739409257005,663.0,782.0,0,0,0,0,16,10,0.088,1,1.0,1000,1000,821.0,0
200048,34,2,1,0,0,17.0,24.0,5545.2887,231.05369583333334,24.0,24.0,0,0,0,0,1,0,0.08823529411764706,0,0.0,34,34,24.0,1
200049,35,3,1,0,0,11.666666666666666,26.0,7730.19557,297.31521423076924,26.0,26.0,0,0,0,0,0,0,0.17142857142857143,0,0.0,35,35,26.0,1
200050,1384,23,1,0,0,60.17391304347826,1070.0,271905.65696,254.11743641121495,820.0,976.0,0,0,0,0,17,7,0.11127167630057803,1,0.44653179190751446,1384,1384,1070.0,1
300001,3276,39,1,0,0,84.0,2656.0,658367.37045,247.8792810429217,1643.0,2329.0,0,0,0,0,31,11,0.10317460317460317,1,0.923992673992674,3276,3276,2656.0,0
300002,2198,34,1,0,0,64.6470588235294,1769.0,442722.28035,250.26697589033353,1200.0,1563.0,0,0,0,0,27,14,0.11101000909918107,1,0.9590536851683349,2198,2198,1769.0,0
300003,71,2,1,0,0,35.5,52.0,13456.79931,258.78460211538464,51.0,52.0,0,0,0,0,3,1,0.11267605633802817,0,0.0,71,71,52.0,1
300004,523,6,1,0,0,87.16666666666667,405.0,98925.50451,244.26050496296295,358.0,391.0,0,0,0,0,8,5,0.11281070745697896,1,0.7552581261950286,523,523,405.0,1
300005,898,13,1,0,0,69.07692307692308,719.0,177640.29426,247.0657778303199,582.0,673.0,0,0,0,0,8,5,0.1091314031180401,1,0.9287305122494433,898,898,719.0,1
300006,261,5,1,0,0,52.2,192.0,46426.40107,241.80417223958332,173.0,186.0,0,0,0,0,5,1,0.10344827586206896,0,0.0,261,261,192.0,0
300007,916,6,1,0,0,152.66666666666666,768.0,188536.05013,245.48964860677083,609.0,730.0,0,0,0,0,3,4,0.10043668122270742,1,1.0,916,916,768.0,0
300008,2085,24,1,0,0,86.875,1707.0,427505.04153,250.44232075571176,1166.0,1509.0,0,0,0,0,19,8,0.10455635491606714,1,0.8988009592326139,2085,2085,1707.0,0
300009,2592,27,1,0,0,96.0,2138.0,537533.69855,251.41894225912066,1393.0,1854.0,0,0,0,0,22,11,0.11188271604938271,1,0.9857253086419753,2592,2592,2138.0,0
300010,1103,12,1,0,0,91.91666666666667,848.0,212965.17975,251.13818366745284,676.0,804.0,0,0,0,0,16,8,0.11423390752493201,1,0.6310063463281959,1103,1103,848.0,0
300011,8946,104,1,0,0,86.01923076923077,7236.0,1802052.32388,249.03984575456053,3311.0,5348.0,0,0,0,0,79,47,0.10887547507265817,1,0.9646769505924435,8946,8946,7236.0,0
300012,430,9,1,0,0,47.77777777777778,343.0,85946.88049,250.57399559766762,310.0,331.0,0,0,0,0,1,5,0.09534883720930233,1,0.6604651162790698,430,430,343.0,0
300013,901,16,1,0,0,56.3125,742.0,188444.39827,253.96819173854448,607.0,703.0,0,0,0,0,4,8,0.09988901220865705,1,1.0,901,901,742.0,0
300014,706,12,1,0,0,58.833333333333336,554.0,139560.18632,251.91369371841157,459.0,512.0,0,0,0,0,8,6,0.11331444759206799,1,0.8541076487252125,706,706,554.0,0
300015,4299,50,1,0,0,85.98,3528.0,865643.75239,245.36387539399095,2044.0,2908.0,0,0,0,0,45,26,0.10118632240055828,1,0.9674342870434985,4299,4299,3528.0,0
300016,1719,18,1,0,0,95.5,1383.0,338019.52646,244.4103589732466,977.0,1243.0,0,0,0,0,14,6,0.10587550901687028,1,0.7690517742873764,1719,1719,1383.0,0
300017,8168,103,1,0,0,79.30097087378641,6671.0,1661159.16318,249.01201666616697,3116.0,5014.0,0,0,0,0,77,41,0.10614593535749266,1,1.0,8168,8168,6671.0,0
300018,2583,37,1,0,0,69.8108108108108,2013.0,508527.51791,252.6217177893691,1345.0,1753.0,0,0,0,0,39,19,0.10762679055361982,1,0.6260162601626016,2583,2583,2013.0,0
300019,1127,14,1,0,0,80.5,902.0,222350.45484,246.50826478935699,701.0,838.0,0,0,0,0,8,7,0.11446317657497782,1,0.8606921029281278,1127,1127,902.0,0
300020,923,10,1,0,0,92.3,770.0,193042.38082,250.70439067532467,612.0,724.0,0,0,0,0,8,5,0.10400866738894908,1,1.0,923,923,770.0,1
300021,7906,82,1,0,0,96.41463414634147,6490.0,1615452.09053,248.91403552080124,3075.0,4955.0,0,0,0,0,70,39,0.10789273969137364,1,0.998861624082975,7906,7906,6490.0,0
300022,966,16,1,0,0,60.375,806.0,200134.34798,248.30564265508684,642.0,748.0,0,0,0,0,8,2,0.10248447204968944,1,1.0,966,966,806.0,0
300023,3912,42,1,0,0,93.14285714285714,3187.0,791048.01068,248.21085995607152,1880.0,2657.0,0,0,0,0,30,24,0.1114519427402863,1,1.0,3912,3912,3187.0,0
300024,856,6,1,0,0,142.66666666666666,672.0,167101.2397,248.66255907738096,560.0,641.0,0,0,0,0,12,5,0.1133177570093458,1,0.6764018691588785,856,856,672.0,0
300025,1593,18,1,0,0,88.5,1274.0,316182.67122,248.18106061224492,928.0,1155.0,0,0,0,0,21,3,0.12052730696798493,1,0.8418079096045198,1593,1593,1274.0,0
300026,16,1,1,0,0,16.0,14.0,3796.39531,271.17109357142857,14.0,14.0,0,0,0,0,0,0,0.125,0,0.0,16,16,14.0,0
300027,366,7,1,0,0,52.285714285714285,269.0,63951.21197,237.73684747211894,242.0,262.0,0,0,0,0,3,1,0.1092896174863388,0,0.0,366,366,269.0,1
300028,181,3,1,0,0,60.333333333333336,132.0,33958.57524,257.2619336363636,127.0,132.0,0,0,0,0,3,0,0.11602209944751381,1,0.0055248618784530384,181,181,132.0,0
300029,459,7,1,0,0,65.57142857142857,358.0,89041.39204,248.71897217877097,314.0,342.0,0,0,0,0,2,0,0.11328976034858387,1,0.4684095860566449,459,459,358.0,1
300030,659,9,1,0,0,73.22222222222223,546.0,136613.83908,250.20849648351648,459.0,518.0,0,0,0,0,10,1,0.10166919575113809,1,1.0,659,659,546.0,1
300031,3506,36,1,0,0,97.38888888888889,2843.0,709328.76053,249.5000916391136,1745.0,2408.0,0,0,0,0,30,12,0.11779806046776954,1,1.0,3506,3506,2843.0,0
300032,445,6,1,0,0,74.16666666666667,364.0,90770.72149,249.37011398351646,322.0,353.0,0,0,0,0,4,6,0.09662921348314607,1,1.0,445,445,364.0,1
300033,426,3,1,0,0,142.0,351.0,84531.54031,240.83059917378915,312.0,332.0,0,0,0,0,2,4,0.09859154929577464,1,1.0,426,426,351.0,1
300034,436,5,1,0,0,87.2,351.0,86161.55191,245.47450686609685,315.0,340.0,0,0,0,0,4,2,0.12614678899082568,1,0.9610091743119266,436,436,351.0,0
300035,5160,63,1,0,0,81.9047619047619,4182.0,1037824.76856,248.16469836441894,2271.0,3398.0,0,0,0,0,46,20,0.10891472868217054,1,0.9763565891472868,5160,5160,4182.0,0
300036,1378,13,1,0,0,106.0,1135.0,288095.53761,253.82866749779737,861.0,1036.0,0,0,0,0,16,7,0.10304789550072568,1,1.0,1378,1378,1135.0,0
300037,31,1,1,0,0,31.0,27.0,6507.97796,241.03622074074076,27.0,27.0,0,0,0,0,0,0,0.0967741935483871,1,1.0,31,31,27.0,1
300038,2580,33,1,0,0,78.18181818181819,2066.0,510345.3553,247.02098514036786,1384.0,1824.0,0,0,0,0,29,12,0.10736434108527132,1,0.8337209302325581,2580,2580,2066.0,0
300039,1,1,1,0,0,1.0,0.0,0.0,0.0,0.0,0.0,0,0,0,0,0,0,0.0,0,0.0,1,1,0.0,0
300040,227,6,1,0,0,37.833333333333336,162.0,41913.73552,258.7267624691358,155.0,160.0,0,0,0,0,2,1,0.13215859030837004,0,0.0,227,227,162.0,0
300041,1372,19,1,0,0,72.21052631578948,1137.0,279485.81256,245.809861530343,855.0,1042.0,0,0,0,0,10,5,0.10204081632653061,1,0.9927113702623906,1372,1372,1137.0,0
300042,1502,13,1,0,0,115.53846153846153,1234.0,309162.07205,250.53652516207455,922.0,1143.0,0,0,0,0,12,11,0.10053262316910785,1,0.9214380825565912,1502,1502,1234.0,0
300043,53,3,1,0,0,17.666666666666668,43.0,10085.15273,234.53843558139533,41.0,42.0,0,0,0,0,0,0,0.03773584905660377,0,0.0,53,53,43.0,1
300044,993,8,1,0,0,124.125,801.0,197392.69497,246.43282767790262,639.0,743.0,0,0,0,0,11,7,0.12386706948640483,1,1.0,993,993,801.0,0
300045,720,7,1,0,0,102.85714285714286,588.0,145787.84115,247.93850535714284,496.0,567.0,0,0,0,0,5,3,0.10972222222222222,1,1.0,720,720,588.0,0
300046,784,6,1,0,0,130.66666666666666,631.0,154899.48861,245.48254930269414,522.0,594.0,0,0,0,0,3,6,0.10459183673469388,1,0.8290816326530612,784,784,631.0,0
300047,655,7,1,0,0,93.57142857142857,534.0,130061.52443,243.56090717228466,436.0,511.0,0,0,0,0,7,4,0.10076335877862595,1,1.0,655,655,534.0,1
300048,1141,12,1,0,0,95.08333333333333,946.0,232019.34574,245.2635790063425,759.0,893.0,0,0,0,0,10,4,0.11130587204206836,1,0.9596844872918493,1141,1141,946.0,0
300049,5593,72,1,0,0,77.68055555555556,4500.0,1136621.76363,252.58261413999998,2439.0,3650.0,0,0,0,0,58,21,0.11174682639013052,1,0.9402824959771142,5593,5593,4500.0,0
300050,79,1,1,0,0,79.0,61.0,14697.29806,240.93931245901638,60.0,61.0,0,0,0,0,2,0,0.10126582278481013,1,1.0,79,79,61.0,1
300051,842,9,1,0,0,93.55555555555556,654.0,161818.58337,247.42902655963303,545.0,617.0,0,0,0,0,7,5,0.12945368171021376,1,0.8717339667458432,842,842,654.0,0
